{"cameraMode":{"drawMode":0,"name":"Shaded","section":"Shading Mode"},"sceneLighting":true,"audioPlay":false,"sceneViewState":{"showFog":false,"showMaterialUpdate":false,"showSkybox":false,"showFlares":false,"showImageEffects":false,"showParticleSystems":false},"in2DMode":false,"pivot":{"x":65.05546569824219,"y":-344.8614501953125,"z":-4.163079261779785},"rotation":{"x":0.41965898871421816,"y":0.570834219455719,"z":-0.4254741370677948,"w":0.5630332231521606},"size":598.4014892578125,"orthographic":false}