{"cameraMode":{"drawMode":0,"name":"Shaded","section":"Shading Mode"},"sceneLighting":true,"audioPlay":false,"sceneViewState":{"showFog":true,"showMaterialUpdate":false,"showSkybox":true,"showFlares":true,"showImageEffects":true,"showParticleSystems":true},"in2DMode":false,"pivot":{"x":-0.08119872212409973,"y":1.327310562133789,"z":0.688148021697998},"rotation":{"x":0.44594675302505495,"y":-0.046691108494997028,"z":0.023301878944039346,"w":0.8935370445251465},"size":4.729215145111084,"orthographic":false}