{"cameraMode":{"drawMode":0,"name":"Shaded","section":"Shading Mode"},"sceneLighting":false,"audioPlay":false,"sceneViewState":{"showFog":true,"showMaterialUpdate":false,"showSkybox":true,"showFlares":true,"showImageEffects":true,"showParticleSystems":true},"in2DMode":false,"pivot":{"x":-4.70068883895874,"y":7.614775657653809,"z":12.200000762939454},"rotation":{"x":0.45245927572250368,"y":-0.2893854081630707,"z":0.15802058577537538,"w":0.8285928964614868},"size":65.31379699707031,"orthographic":false}