{"cameraMode":{"drawMode":0,"name":"Shaded","section":"Shading Mode"},"sceneLighting":true,"audioPlay":false,"sceneViewState":{"showFog":true,"showMaterialUpdate":false,"showSkybox":true,"showFlares":true,"showImageEffects":true,"showParticleSystems":true},"in2DMode":false,"pivot":{"x":232.52911376953126,"y":-358.4940185546875,"z":-354.9144592285156},"rotation":{"x":-0.3315863311290741,"y":0.617629885673523,"z":-0.3217945992946625,"w":-0.6364213228225708},"size":116.86490631103516,"orthographic":false}