{"cameraMode":{"drawMode":0,"name":"Shaded","section":"Shading Mode"},"sceneLighting":true,"audioPlay":false,"sceneViewState":{"showFog":true,"showMaterialUpdate":false,"showSkybox":true,"showFlares":true,"showImageEffects":true,"showParticleSystems":true},"in2DMode":false,"pivot":{"x":-23.538480758666993,"y":1086.978271484375,"z":324.3245849609375},"rotation":{"x":0.14504632353782655,"y":0.8542383313179016,"z":-0.3336023688316345,"w":0.3714134097099304},"size":12.647335052490235,"orthographic":false}